{
  "laplacian_var": {
    "count": 19631,
    "mean": 33.76842255167701,
    "std": 49.00898985112115,
    "min": 2.697333962917328,
    "median": 9.637792234537336,
    "p05": 3.7477951412094965,
    "p95": 139.07360983165637,
    "max": 293.08609070485437
  },
  "mean_luma": {
    "count": 19631,
    "mean": 137.03427505925075,
    "std": 10.745797679576198,
    "min": 107.44702799479167,
    "median": 135.67193684895832,
    "p05": 122.28873860677083,
    "p95": 156.26021647135417,
    "max": 191.33255859375
  },
  "entropy_bits": {
    "count": 19631,
    "mean": 7.505907779202209,
    "std": 0.11108789072286847,
    "min": 6.2233482013192125,
    "median": 7.524651149754847,
    "p05": 7.352206124838419,
    "p95": 7.6271253801474765,
    "max": 7.725138580197896
  },
  "edge_density": {
    "count": 19631,
    "mean": 0.05723166809139032,
    "std": 0.05169162848144227,
    "min": 0.001220703125,
    "median": 0.03272135416666667,
    "p05": 0.0108056640625,
    "p95": 0.16740234375000002,
    "max": 0.25879231770833333
  },
  "underexposed_pixel_frac": {
    "count": 19631,
    "mean": 9.020231871784423e-05,
    "std": 0.00010509054579220105,
    "min": 0.0,
    "median": 0.0,
    "p05": 0.0,
    "p95": 0.00022786458333333334,
    "max": 0.000234375
  },
  "overexposed_pixel_frac": {
    "count": 19631,
    "mean": 0.02190197921176965,
    "std": 0.029924566107953687,
    "min": 0.0,
    "median": 0.017373046875,
    "p05": 6.8359375e-05,
    "p95": 0.06617350260416666,
    "max": 0.309130859375
  }
}
